{
  "formatVersion": 1,
  "database": {
    "version": 1,
    "identityHash": "dc94969b3704dc4a1dd90dcd28333559",
    "entities": [
      {
        "tableName": "personas",
        "createSql": "CREATE TABLE IF NOT EXISTS `${TABLE_NAME}` (`id` INTEGER PRIMARY KEY AUTOINCREMENT NOT NULL, `nombre` TEXT NOT NULL, `telefono` TEXT NOT NULL, `sexo` INTEGER NOT NULL)",
        "fields": [
          {
            "fieldPath": "id",
            "columnName": "id",
            "affinity": "INTEGER",
            "notNull": true
          },
          {
            "fieldPath": "nombre",
            "columnName": "nombre",
            "affinity": "TEXT",
            "notNull": true
          },
          {
            "fieldPath": "telefono",
            "columnName": "telefono",
            "affinity": "TEXT",
            "notNull": true
          },
          {
            "fieldPath": "sexo",
            "columnName": "sexo",
            "affinity": "INTEGER",
            "notNull": true
          }
        ],
        "primaryKey": {
          "autoGenerate": true,
          "columnNames": [
            "id"
          ]
        },
        "indices": [],
        "foreignKeys": []
      }
    ],
    "views": [],
    "setupQueries": [
      "CREATE TABLE IF NOT EXISTS room_master_table (id INTEGER PRIMARY KEY,identity_hash TEXT)",
      "INSERT OR REPLACE INTO room_master_table (id,identity_hash) VALUES(42, 'dc94969b3704dc4a1dd90dcd28333559')"
    ]
  }
}